study,user_id,user_group,analogy_type,n_trials,n_diagnostic_trials,initial_accuracy,final_accuracy,accuracy_gain,agreement_fraction,switching_fraction,appropriate_reliance_diagnostic,over_reliance_rate,under_reliance_rate,reliance_sensitivity
follow_up_study,participant-1,loan_analogy,all,12,5,0.3333333333333333,0.5833333333333334,0.25000000000000006,0.8333333333333334,0.6,0.6,0.0,0.4,
follow_up_study,participant-10,loan_analogy,all,12,6,0.4166666666666667,0.5,0.08333333333333331,0.5833333333333334,0.16666666666666666,0.3333333333333333,0.0,0.6666666666666666,0.2
follow_up_study,participant-100,loan_analogy,all,12,7,0.3333333333333333,0.5833333333333334,0.25000000000000006,0.6666666666666666,0.42857142857142855,0.5714285714285714,0.0,0.42857142857142855,0.5
follow_up_study,participant-101,loan_analogy,all,12,7,0.5,0.4166666666666667,-0.08333333333333331,0.5,0.2857142857142857,0.2857142857142857,0.14285714285714285,0.5714285714285714,-0.3
follow_up_study,participant-102,loan_analogy,all,12,6,0.5833333333333334,0.5833333333333334,0.0,0.8333333333333334,0.6666666666666666,0.3333333333333333,0.3333333333333333,0.3333333333333333,-0.5
follow_up_study,participant-103,loan_analogy,all,12,8,0.4166666666666667,0.5,0.08333333333333331,0.5833333333333334,0.375,0.375,0.125,0.5,-0.16666666666666669
follow_up_study,participant-104,loan_analogy,all,12,10,0.25,0.25,0.0,0.16666666666666666,0.0,0.2,0.0,0.8,0.0
follow_up_study,participant-105,loan_analogy,all,12,6,0.4166666666666667,0.6666666666666666,0.24999999999999994,0.75,0.5,0.6666666666666666,0.0,0.3333333333333333,0.6
follow_up_study,participant-106,loan_analogy,all,12,7,0.3333333333333333,0.3333333333333333,0.0,0.5833333333333334,0.2857142857142857,0.14285714285714285,0.14285714285714285,0.7142857142857143,-0.8333333333333334
follow_up_study,participant-107,loan_analogy,all,12,7,0.5,0.6666666666666666,0.16666666666666663,0.5833333333333334,0.2857142857142857,0.5714285714285714,0.0,0.42857142857142855,0.4
follow_up_study,participant-108,loan_analogy,all,12,3,0.6666666666666666,0.6666666666666666,0.0,0.75,0.0,0.3333333333333333,0.0,0.6666666666666666,0.0
follow_up_study,participant-109,loan_analogy,all,12,6,0.4166666666666667,0.75,0.3333333333333333,1.0,1.0,0.8333333333333334,0.16666666666666666,0.0,0.0
follow_up_study,participant-11,loan_analogy,all,12,6,0.4166666666666667,0.6666666666666666,0.24999999999999994,0.75,0.5,0.6666666666666666,0.0,0.3333333333333333,0.6
follow_up_study,participant-110,loan_analogy,all,12,7,0.5,0.5,0.0,0.4166666666666667,0.0,0.2857142857142857,0.0,0.7142857142857143,0.0
follow_up_study,participant-111,loan_analogy,all,12,3,0.6666666666666666,0.6666666666666666,0.0,0.75,0.0,0.3333333333333333,0.0,0.6666666666666666,0.0
follow_up_study,participant-112,loan_analogy,all,12,6,0.25,0.5833333333333334,0.33333333333333337,0.8333333333333334,0.6666666666666666,0.6666666666666666,0.0,0.3333333333333333,
follow_up_study,participant-113,loan_analogy,all,12,6,0.4166666666666667,0.4166666666666667,0.0,0.5,0.0,0.16666666666666666,0.0,0.8333333333333334,0.0
follow_up_study,participant-114,loan_analogy,all,12,6,0.5833333333333334,0.5,-0.08333333333333337,0.75,0.5,0.16666666666666666,0.3333333333333333,0.5,-0.75
follow_up_study,participant-115,loan_analogy,all,12,8,0.5833333333333334,0.5833333333333334,0.0,0.6666666666666666,0.5,0.375,0.25,0.375,-0.2666666666666666
follow_up_study,participant-116,loan_analogy,all,12,7,0.3333333333333333,0.3333333333333333,0.0,0.5833333333333334,0.2857142857142857,0.14285714285714285,0.14285714285714285,0.7142857142857143,-0.8333333333333334
follow_up_study,participant-117,loan_analogy,all,12,6,0.4166666666666667,0.5,0.08333333333333331,0.75,0.5,0.3333333333333333,0.16666666666666666,0.5,-0.6
follow_up_study,participant-118,loan_analogy,all,12,7,0.16666666666666666,0.4166666666666667,0.25,0.6666666666666666,0.42857142857142855,0.42857142857142855,0.0,0.5714285714285714,
follow_up_study,participant-119,loan_analogy,all,12,6,0.4166666666666667,0.4166666666666667,0.0,0.5,0.0,0.16666666666666666,0.0,0.8333333333333334,0.0
follow_up_study,participant-12,loan_analogy,all,12,6,0.5833333333333334,0.6666666666666666,0.08333333333333326,0.5833333333333334,0.16666666666666666,0.5,0.0,0.5,0.25
follow_up_study,participant-120,loan_analogy,all,12,7,0.3333333333333333,0.5,0.16666666666666669,0.5833333333333334,0.2857142857142857,0.42857142857142855,0.0,0.5714285714285714,0.3333333333333333
follow_up_study,participant-121,loan_analogy,all,12,5,0.5,0.5833333333333334,0.08333333333333337,0.6666666666666666,0.2,0.4,0.0,0.6,0.25
follow_up_study,participant-122,loan_analogy,all,12,7,0.3333333333333333,0.75,0.4166666666666667,1.0,1.0,0.8571428571428571,0.14285714285714285,0.0,0.0
follow_up_study,participant-123,loan_analogy,all,12,7,0.3333333333333333,0.5833333333333334,0.25000000000000006,0.8333333333333334,0.7142857142857143,0.5714285714285714,0.14285714285714285,0.2857142857142857,-0.33333333333333337
follow_up_study,participant-124,loan_analogy,all,12,8,0.4166666666666667,0.5,0.08333333333333331,0.5833333333333334,0.375,0.375,0.125,0.5,-0.16666666666666669
follow_up_study,participant-125,loan_analogy,all,12,7,0.5,0.5,0.0,0.5833333333333334,0.2857142857142857,0.2857142857142857,0.14285714285714285,0.5714285714285714,-0.3
follow_up_study,participant-126,loan_analogy,all,12,5,0.5,0.5,0.0,0.75,0.4,0.2,0.2,0.6,-0.75
follow_up_study,participant-127,loan_analogy,all,12,7,0.3333333333333333,0.6666666666666666,0.3333333333333333,0.9166666666666666,0.8571428571428571,0.7142857142857143,0.14285714285714285,0.14285714285714285,-0.16666666666666663
follow_up_study,participant-128,loan_analogy,all,12,6,0.5833333333333334,0.5833333333333334,0.0,0.5,0.0,0.3333333333333333,0.0,0.6666666666666666,0.0
follow_up_study,participant-129,loan_analogy,all,12,5,0.5,0.5,0.0,0.5833333333333334,0.0,0.2,0.0,0.8,0.0
follow_up_study,participant-13,loan_analogy,all,12,8,0.08333333333333333,0.3333333333333333,0.25,0.5833333333333334,0.375,0.375,0.0,0.625,
follow_up_study,participant-130,loan_analogy,all,12,5,0.5,0.5833333333333334,0.08333333333333337,0.6666666666666666,0.2,0.4,0.0,0.6,0.25
follow_up_study,participant-131,loan_analogy,all,12,8,0.25,0.4166666666666667,0.16666666666666669,0.6666666666666666,0.5,0.375,0.125,0.5,-0.5714285714285714
follow_up_study,participant-132,loan_analogy,all,12,8,0.4166666666666667,0.6666666666666666,0.24999999999999994,0.5833333333333334,0.375,0.625,0.0,0.375,0.5
follow_up_study,participant-133,loan_analogy,all,12,6,0.4166666666666667,0.5,0.08333333333333331,0.5833333333333334,0.16666666666666666,0.3333333333333333,0.0,0.6666666666666666,0.2
follow_up_study,participant-134,loan_analogy,all,12,8,0.4166666666666667,0.5,0.08333333333333331,0.4166666666666667,0.125,0.375,0.0,0.625,0.16666666666666666
follow_up_study,participant-135,loan_analogy,all,12,7,0.3333333333333333,0.4166666666666667,0.08333333333333337,0.5,0.14285714285714285,0.2857142857142857,0.0,0.7142857142857143,0.16666666666666666
follow_up_study,participant-136,loan_analogy,all,12,7,0.3333333333333333,0.5,0.16666666666666669,0.5833333333333334,0.2857142857142857,0.42857142857142855,0.0,0.5714285714285714,0.3333333333333333
follow_up_study,participant-137,loan_analogy,all,12,6,0.5833333333333334,0.5,-0.08333333333333337,0.5833333333333334,0.16666666666666666,0.16666666666666666,0.16666666666666666,0.6666666666666666,-0.5
follow_up_study,participant-138,loan_analogy,all,12,8,0.5833333333333334,0.5833333333333334,0.0,0.3333333333333333,0.0,0.375,0.0,0.625,0.0
follow_up_study,participant-139,loan_analogy,all,12,8,0.4166666666666667,0.6666666666666666,0.24999999999999994,0.9166666666666666,0.875,0.625,0.25,0.125,-0.16666666666666663
follow_up_study,participant-14,loan_analogy,all,12,3,0.5,0.5833333333333334,0.08333333333333337,0.8333333333333334,0.3333333333333333,0.3333333333333333,0.0,0.6666666666666666,
follow_up_study,participant-140,loan_analogy,all,12,11,0.16666666666666666,0.3333333333333333,0.16666666666666666,0.25,0.18181818181818182,0.36363636363636365,0.0,0.6363636363636364,0.2222222222222222
follow_up_study,participant-141,loan_analogy,all,12,9,0.3333333333333333,0.5833333333333334,0.25000000000000006,0.5,0.3333333333333333,0.5555555555555556,0.0,0.4444444444444444,0.42857142857142855
follow_up_study,participant-142,loan_analogy,all,12,9,0.5,0.5,0.0,0.25,0.0,0.3333333333333333,0.0,0.6666666666666666,0.0
follow_up_study,participant-143,loan_analogy,all,12,10,0.25,0.4166666666666667,0.16666666666666669,0.3333333333333333,0.2,0.4,0.0,0.6,0.25
follow_up_study,participant-144,loan_analogy,all,12,6,0.25,0.4166666666666667,0.16666666666666669,0.6666666666666666,0.3333333333333333,0.3333333333333333,0.0,0.6666666666666666,
follow_up_study,participant-145,loan_analogy,all,12,9,0.3333333333333333,0.4166666666666667,0.08333333333333337,0.3333333333333333,0.1111111111111111,0.3333333333333333,0.0,0.6666666666666666,0.14285714285714285
follow_up_study,participant-146,loan_analogy,all,12,5,0.3333333333333333,0.6666666666666666,0.3333333333333333,0.9166666666666666,0.8,0.8,0.0,0.2,
follow_up_study,participant-147,loan_analogy,all,12,6,0.5833333333333334,0.6666666666666666,0.08333333333333326,0.75,0.5,0.5,0.16666666666666666,0.3333333333333333,0.0
follow_up_study,participant-148,loan_analogy,all,12,8,0.25,0.4166666666666667,0.16666666666666669,0.6666666666666666,0.5,0.375,0.125,0.5,-0.5714285714285714
follow_up_study,participant-149,loan_analogy,all,12,6,0.25,0.6666666666666666,0.41666666666666663,0.9166666666666666,1.0,1.0,0.0,0.0,
follow_up_study,participant-15,loan_analogy,all,12,6,0.5833333333333334,0.6666666666666666,0.08333333333333326,0.5833333333333334,0.16666666666666666,0.5,0.0,0.5,0.25
follow_up_study,participant-150,loan_analogy,all,12,8,0.25,0.75,0.5,1.0,1.0,0.875,0.125,0.0,0.0
follow_up_study,participant-151,loan_analogy,all,12,8,0.4166666666666667,0.3333333333333333,-0.08333333333333337,0.5833333333333334,0.375,0.125,0.25,0.625,-0.8333333333333334
follow_up_study,participant-152,loan_analogy,all,12,7,0.5,0.4166666666666667,-0.08333333333333331,0.6666666666666666,0.42857142857142855,0.14285714285714285,0.2857142857142857,0.5714285714285714,-0.8
follow_up_study,participant-153,loan_analogy,all,12,4,0.4166666666666667,0.5,0.08333333333333331,0.75,0.25,0.25,0.0,0.75,
follow_up_study,participant-154,loan_analogy,all,12,6,0.4166666666666667,0.4166666666666667,0.0,0.5,0.0,0.16666666666666666,0.0,0.8333333333333334,0.0
follow_up_study,participant-155,loan_analogy,all,12,7,0.3333333333333333,0.5,0.16666666666666669,0.5833333333333334,0.2857142857142857,0.42857142857142855,0.0,0.5714285714285714,0.3333333333333333
follow_up_study,participant-156,loan_analogy,all,12,7,0.5,0.5,0.0,0.5833333333333334,0.42857142857142855,0.42857142857142855,0.14285714285714285,0.42857142857142855,-0.09999999999999998
follow_up_study,participant-157,loan_analogy,all,12,6,0.4166666666666667,0.4166666666666667,0.0,0.6666666666666666,0.3333333333333333,0.16666666666666666,0.16666666666666666,0.6666666666666666,-0.8
follow_up_study,participant-158,loan_analogy,all,12,8,0.4166666666666667,0.5833333333333334,0.16666666666666669,0.6666666666666666,0.5,0.5,0.125,0.375,0.0
follow_up_study,participant-159,loan_analogy,all,12,6,0.5833333333333334,0.5833333333333334,0.0,0.5,0.0,0.3333333333333333,0.0,0.6666666666666666,0.0
follow_up_study,participant-16,loan_analogy,all,12,6,0.4166666666666667,0.5,0.08333333333333331,0.5833333333333334,0.16666666666666666,0.3333333333333333,0.0,0.6666666666666666,0.2
follow_up_study,participant-160,loan_analogy,all,12,9,0.3333333333333333,0.8333333333333334,0.5,0.75,0.6666666666666666,0.8888888888888888,0.0,0.1111111111111111,0.8571428571428571
follow_up_study,participant-161,loan_analogy,all,12,3,0.6666666666666666,0.8333333333333334,0.16666666666666674,0.9166666666666666,0.6666666666666666,1.0,0.0,0.0,1.0
follow_up_study,participant-162,loan_analogy,all,12,7,0.5,0.5833333333333334,0.08333333333333337,0.6666666666666666,0.42857142857142855,0.42857142857142855,0.14285714285714285,0.42857142857142855,-0.09999999999999998
follow_up_study,participant-163,loan_analogy,all,12,4,0.4166666666666667,0.5833333333333334,0.16666666666666669,0.8333333333333334,0.5,0.5,0.0,0.5,
follow_up_study,participant-164,loan_analogy,all,12,5,0.5,0.75,0.25,1.0,1.0,0.8,0.2,0.0,0.0
follow_up_study,participant-165,loan_analogy,all,12,5,0.5,0.4166666666666667,-0.08333333333333331,0.5,0.0,0.2,0.0,0.8,0.0
follow_up_study,participant-166,loan_analogy,all,12,5,0.3333333333333333,0.3333333333333333,0.0,0.5833333333333334,0.0,0.0,0.0,1.0,
follow_up_study,participant-167,loan_analogy,all,12,5,0.5,0.5833333333333334,0.08333333333333337,0.6666666666666666,0.2,0.4,0.0,0.6,0.25
follow_up_study,participant-168,loan_analogy,all,12,5,0.6666666666666666,0.5833333333333334,-0.08333333333333326,0.6666666666666666,0.2,0.2,0.2,0.6,-0.5
follow_up_study,participant-169,loan_analogy,all,12,5,0.5,0.5833333333333334,0.08333333333333337,0.6666666666666666,0.2,0.4,0.0,0.6,0.25
follow_up_study,participant-17,loan_analogy,all,12,5,0.5,0.4166666666666667,-0.08333333333333331,0.6666666666666666,0.2,0.0,0.2,0.8,-1.0
follow_up_study,participant-170,loan_analogy,all,12,5,0.3333333333333333,0.4166666666666667,0.08333333333333337,0.6666666666666666,0.2,0.2,0.0,0.8,
follow_up_study,participant-171,loan_analogy,all,12,7,0.3333333333333333,0.5,0.16666666666666669,0.4166666666666667,0.14285714285714285,0.2857142857142857,0.0,0.7142857142857143,0.16666666666666666
follow_up_study,participant-172,loan_analogy,all,12,7,0.3333333333333333,0.4166666666666667,0.08333333333333337,0.6666666666666666,0.42857142857142855,0.2857142857142857,0.14285714285714285,0.5714285714285714,-0.6666666666666667
follow_up_study,participant-173,loan_analogy,all,12,7,0.3333333333333333,0.5833333333333334,0.25000000000000006,0.6666666666666666,0.42857142857142855,0.5714285714285714,0.0,0.42857142857142855,0.5
follow_up_study,participant-174,loan_analogy,all,12,9,0.3333333333333333,0.3333333333333333,0.0,0.25,0.0,0.2222222222222222,0.0,0.7777777777777778,0.0
follow_up_study,participant-175,loan_analogy,all,12,7,0.3333333333333333,0.5,0.16666666666666669,0.75,0.5714285714285714,0.42857142857142855,0.14285714285714285,0.42857142857142855,-0.5
follow_up_study,participant-176,loan_analogy,all,12,4,0.4166666666666667,0.5,0.08333333333333331,0.75,0.25,0.25,0.0,0.75,
follow_up_study,participant-177,loan_analogy,all,12,5,0.5,0.6666666666666666,0.16666666666666663,0.75,0.4,0.6,0.0,0.4,0.5
follow_up_study,participant-178,loan_analogy,all,12,7,0.5,0.5,0.0,0.5833333333333334,0.2857142857142857,0.2857142857142857,0.14285714285714285,0.5714285714285714,-0.3
follow_up_study,participant-179,loan_analogy,all,12,7,0.3333333333333333,0.4166666666666667,0.08333333333333337,0.5,0.2857142857142857,0.42857142857142855,0.0,0.5714285714285714,0.3333333333333333
follow_up_study,participant-18,loan_analogy,all,12,6,0.4166666666666667,0.5,0.08333333333333331,0.75,0.5,0.3333333333333333,0.16666666666666666,0.5,-0.6
follow_up_study,participant-180,loan_analogy,all,12,5,0.5,0.6666666666666666,0.16666666666666663,0.9166666666666666,0.8,0.6,0.2,0.2,-0.25
follow_up_study,participant-181,loan_analogy,all,12,6,0.4166666666666667,0.4166666666666667,0.0,0.5,0.0,0.16666666666666666,0.0,0.8333333333333334,0.0
follow_up_study,participant-182,loan_analogy,all,12,8,0.25,0.75,0.5,0.8333333333333334,0.75,0.875,0.0,0.125,0.8571428571428571
follow_up_study,participant-183,loan_analogy,all,12,8,0.25,0.25,0.0,0.3333333333333333,0.0,0.125,0.0,0.875,0.0
follow_up_study,participant-184,loan_analogy,all,12,5,0.5,0.5833333333333334,0.08333333333333337,0.6666666666666666,0.2,0.4,0.0,0.6,0.25
follow_up_study,participant-185,loan_analogy,all,12,6,0.5833333333333334,0.5,-0.08333333333333337,0.75,0.5,0.16666666666666666,0.3333333333333333,0.5,-0.75
follow_up_study,participant-186,loan_analogy,all,12,6,0.25,0.5,0.25,0.75,0.5,0.5,0.0,0.5,
follow_up_study,participant-187,loan_analogy,all,12,4,0.4166666666666667,0.5,0.08333333333333331,0.75,0.25,0.25,0.0,0.75,
follow_up_study,participant-188,loan_analogy,all,12,10,0.25,0.3333333333333333,0.08333333333333331,0.4166666666666667,0.3,0.3,0.1,0.6,-0.25
follow_up_study,participant-189,loan_analogy,all,12,4,0.4166666666666667,0.5833333333333334,0.16666666666666669,0.8333333333333334,0.5,0.5,0.0,0.5,
follow_up_study,participant-19,loan_analogy,all,12,5,0.5,0.6666666666666666,0.16666666666666663,0.75,0.4,0.6,0.0,0.4,0.5
follow_up_study,participant-190,loan_analogy,all,12,4,0.5833333333333334,0.5,-0.08333333333333337,0.5833333333333334,0.0,0.25,0.0,0.75,0.0
follow_up_study,participant-191,loan_analogy,all,12,6,0.4166666666666667,0.4166666666666667,0.0,0.6666666666666666,0.3333333333333333,0.16666666666666666,0.16666666666666666,0.6666666666666666,-0.8
follow_up_study,participant-192,loan_analogy,all,12,7,0.3333333333333333,0.3333333333333333,0.0,0.4166666666666667,0.0,0.14285714285714285,0.0,0.8571428571428571,0.0
follow_up_study,participant-193,loan_analogy,all,12,10,0.4166666666666667,0.5,0.08333333333333331,0.4166666666666667,0.3,0.4,0.1,0.5,-0.047619047619047616
follow_up_study,participant-194,loan_analogy,all,12,7,0.3333333333333333,0.4166666666666667,0.08333333333333337,0.5,0.14285714285714285,0.2857142857142857,0.0,0.7142857142857143,0.16666666666666666
follow_up_study,participant-195,loan_analogy,all,12,7,0.3333333333333333,0.6666666666666666,0.3333333333333333,0.75,0.5714285714285714,0.7142857142857143,0.0,0.2857142857142857,0.6666666666666666
follow_up_study,participant-196,loan_analogy,all,12,6,0.4166666666666667,0.4166666666666667,0.0,0.6666666666666666,0.3333333333333333,0.16666666666666666,0.16666666666666666,0.6666666666666666,-0.8
follow_up_study,participant-197,loan_analogy,all,12,8,0.4166666666666667,0.5,0.08333333333333331,0.4166666666666667,0.125,0.375,0.0,0.625,0.16666666666666666
follow_up_study,participant-198,loan_analogy,all,12,6,0.5833333333333334,0.6666666666666666,0.08333333333333326,0.5833333333333334,0.16666666666666666,0.5,0.0,0.5,0.25
follow_up_study,participant-199,loan_analogy,all,12,5,0.5,0.5833333333333334,0.08333333333333337,0.6666666666666666,0.2,0.4,0.0,0.6,0.25
follow_up_study,participant-2,loan_analogy,all,12,5,0.5,0.5,0.0,0.75,0.4,0.2,0.2,0.6,-0.75
follow_up_study,participant-20,loan_analogy,all,12,6,0.4166666666666667,0.75,0.3333333333333333,1.0,1.0,0.8333333333333334,0.16666666666666666,0.0,0.0
follow_up_study,participant-200,loan_analogy,all,12,5,0.6666666666666666,0.5833333333333334,-0.08333333333333326,0.6666666666666666,0.2,0.2,0.2,0.6,-0.5
follow_up_study,participant-201,loan_analogy,all,12,6,0.5833333333333334,0.6666666666666666,0.08333333333333326,0.5833333333333334,0.16666666666666666,0.5,0.0,0.5,0.25
follow_up_study,participant-202,loan_analogy,all,12,4,0.4166666666666667,0.5833333333333334,0.16666666666666669,0.8333333333333334,0.5,0.5,0.0,0.5,
follow_up_study,participant-203,loan_analogy,all,12,6,0.4166666666666667,0.4166666666666667,0.0,0.6666666666666666,0.3333333333333333,0.16666666666666666,0.16666666666666666,0.6666666666666666,-0.8
follow_up_study,participant-204,loan_analogy,all,12,5,0.5,0.6666666666666666,0.16666666666666663,0.9166666666666666,0.8,0.6,0.2,0.2,-0.25
follow_up_study,participant-205,loan_analogy,all,12,4,0.4166666666666667,0.5,0.08333333333333331,0.75,0.25,0.25,0.0,0.75,
follow_up_study,participant-206,loan_analogy,all,12,7,0.3333333333333333,0.3333333333333333,0.0,0.5833333333333334,0.2857142857142857,0.14285714285714285,0.14285714285714285,0.7142857142857143,-0.8333333333333334
follow_up_study,participant-207,loan_analogy,all,12,6,0.4166666666666667,0.4166666666666667,0.0,0.6666666666666666,0.3333333333333333,0.16666666666666666,0.16666666666666666,0.6666666666666666,-0.8
follow_up_study,participant-208,loan_analogy,all,12,8,0.4166666666666667,0.6666666666666666,0.24999999999999994,0.75,0.625,0.625,0.125,0.25,0.16666666666666663
follow_up_study,participant-209,loan_analogy,all,12,6,0.4166666666666667,0.4166666666666667,0.0,0.6666666666666666,0.3333333333333333,0.16666666666666666,0.16666666666666666,0.6666666666666666,-0.8
follow_up_study,participant-21,loan_analogy,all,12,9,0.5,0.5,0.0,0.5833333333333334,0.4444444444444444,0.3333333333333333,0.2222222222222222,0.4444444444444444,-0.3333333333333333
follow_up_study,participant-210,loan_analogy,all,12,7,0.3333333333333333,0.75,0.4166666666666667,1.0,1.0,0.8571428571428571,0.14285714285714285,0.0,0.0
follow_up_study,participant-211,loan_analogy,all,12,6,0.5833333333333334,0.5833333333333334,0.0,0.8333333333333334,0.6666666666666666,0.3333333333333333,0.3333333333333333,0.3333333333333333,-0.5
follow_up_study,participant-212,loan_analogy,all,12,8,0.25,0.3333333333333333,0.08333333333333331,0.4166666666666667,0.125,0.25,0.0,0.75,0.14285714285714285
follow_up_study,participant-213,loan_analogy,all,12,8,0.4166666666666667,0.4166666666666667,0.0,0.3333333333333333,0.0,0.25,0.0,0.75,0.0
follow_up_study,participant-214,loan_analogy,all,12,6,0.4166666666666667,0.5,0.08333333333333331,0.75,0.5,0.3333333333333333,0.16666666666666666,0.5,-0.6
follow_up_study,participant-215,loan_analogy,all,12,8,0.4166666666666667,0.5833333333333334,0.16666666666666669,0.5,0.25,0.5,0.0,0.5,0.3333333333333333
follow_up_study,participant-216,loan_analogy,all,12,8,0.5833333333333334,0.75,0.16666666666666663,0.6666666666666666,0.5,0.625,0.125,0.25,0.26666666666666666
follow_up_study,participant-217,loan_analogy,all,12,7,0.5,0.6666666666666666,0.16666666666666663,0.5833333333333334,0.2857142857142857,0.5714285714285714,0.0,0.42857142857142855,0.4
follow_up_study,participant-218,loan_analogy,all,12,7,0.3333333333333333,0.4166666666666667,0.08333333333333337,0.5,0.14285714285714285,0.2857142857142857,0.0,0.7142857142857143,0.16666666666666666
follow_up_study,participant-219,loan_analogy,all,12,6,0.75,0.75,0.0,0.5,0.0,0.5,0.0,0.5,0.0
follow_up_study,participant-22,loan_analogy,all,12,6,0.5833333333333334,0.5833333333333334,0.0,0.5,0.0,0.3333333333333333,0.0,0.6666666666666666,0.0
follow_up_study,participant-220,loan_analogy,all,12,3,0.5,0.5833333333333334,0.08333333333333337,0.8333333333333334,0.3333333333333333,0.3333333333333333,0.0,0.6666666666666666,
follow_up_study,participant-221,loan_analogy,all,12,7,0.3333333333333333,0.4166666666666667,0.08333333333333337,0.5,0.14285714285714285,0.2857142857142857,0.0,0.7142857142857143,0.16666666666666666
follow_up_study,participant-222,loan_analogy,all,12,6,0.5833333333333334,0.5833333333333334,0.0,0.8333333333333334,0.6666666666666666,0.3333333333333333,0.3333333333333333,0.3333333333333333,-0.5
follow_up_study,participant-223,loan_analogy,all,12,7,0.5,0.5833333333333334,0.08333333333333337,0.5,0.14285714285714285,0.42857142857142855,0.0,0.5714285714285714,0.2
follow_up_study,participant-224,loan_analogy,all,12,9,0.3333333333333333,0.3333333333333333,0.0,0.4166666666666667,0.2222222222222222,0.2222222222222222,0.1111111111111111,0.6666666666666666,-0.35714285714285715
follow_up_study,participant-225,loan_analogy,all,12,5,0.5,0.4166666666666667,-0.08333333333333331,0.6666666666666666,0.4,0.2,0.2,0.6,-0.75
follow_up_study,participant-226,loan_analogy,all,12,7,0.3333333333333333,0.3333333333333333,0.0,0.4166666666666667,0.0,0.14285714285714285,0.0,0.8571428571428571,0.0
follow_up_study,participant-227,loan_analogy,all,12,7,0.3333333333333333,0.3333333333333333,0.0,0.4166666666666667,0.0,0.14285714285714285,0.0,0.8571428571428571,0.0
follow_up_study,participant-228,loan_analogy,all,12,7,0.16666666666666666,0.16666666666666666,0.0,0.4166666666666667,0.0,0.0,0.0,1.0,
follow_up_study,participant-229,loan_analogy,all,12,3,0.6666666666666666,0.6666666666666666,0.0,0.75,0.0,0.3333333333333333,0.0,0.6666666666666666,0.0
follow_up_study,participant-23,loan_analogy,all,12,5,0.3333333333333333,0.5,0.16666666666666669,0.75,0.4,0.4,0.0,0.6,
follow_up_study,participant-230,loan_analogy,all,12,7,0.3333333333333333,0.5,0.16666666666666669,0.5833333333333334,0.2857142857142857,0.42857142857142855,0.0,0.5714285714285714,0.3333333333333333
follow_up_study,participant-231,loan_analogy,all,12,8,0.4166666666666667,0.4166666666666667,0.0,0.3333333333333333,0.0,0.25,0.0,0.75,0.0
follow_up_study,participant-232,loan_analogy,all,12,6,0.4166666666666667,0.5,0.08333333333333331,0.75,0.5,0.3333333333333333,0.16666666666666666,0.5,-0.6
follow_up_study,participant-233,loan_analogy,all,12,5,0.3333333333333333,0.5,0.16666666666666669,0.75,0.4,0.4,0.0,0.6,
follow_up_study,participant-234,loan_analogy,all,12,6,0.4166666666666667,0.5833333333333334,0.16666666666666669,0.8333333333333334,0.6666666666666666,0.5,0.16666666666666666,0.3333333333333333,-0.4
follow_up_study,participant-235,loan_analogy,all,12,7,0.3333333333333333,0.5,0.16666666666666669,0.5833333333333334,0.2857142857142857,0.42857142857142855,0.0,0.5714285714285714,0.3333333333333333
follow_up_study,participant-236,loan_analogy,all,12,3,0.5,0.5,0.0,0.75,0.0,0.0,0.0,1.0,
follow_up_study,participant-237,loan_analogy,all,12,7,0.5,0.5,0.0,0.4166666666666667,0.0,0.2857142857142857,0.0,0.7142857142857143,0.0
follow_up_study,participant-238,loan_analogy,all,12,9,0.16666666666666666,0.4166666666666667,0.25,0.5,0.3333333333333333,0.4444444444444444,0.0,0.5555555555555556,0.375
follow_up_study,participant-239,loan_analogy,all,12,5,0.3333333333333333,0.5,0.16666666666666669,0.75,0.4,0.4,0.0,0.6,
follow_up_study,participant-24,loan_analogy,all,12,6,0.4166666666666667,0.6666666666666666,0.24999999999999994,0.75,0.5,0.6666666666666666,0.0,0.3333333333333333,0.6
follow_up_study,participant-240,loan_analogy,all,12,9,0.3333333333333333,0.5833333333333334,0.25000000000000006,0.8333333333333334,0.7777777777777778,0.5555555555555556,0.2222222222222222,0.2222222222222222,-0.2857142857142857
follow_up_study,participant-241,loan_analogy,all,12,4,0.5833333333333334,0.75,0.16666666666666663,0.8333333333333334,0.5,0.75,0.0,0.25,0.6666666666666666
follow_up_study,participant-242,loan_analogy,all,12,9,0.3333333333333333,0.4166666666666667,0.08333333333333337,0.3333333333333333,0.1111111111111111,0.3333333333333333,0.0,0.6666666666666666,0.14285714285714285
follow_up_study,participant-243,loan_analogy,all,12,6,0.4166666666666667,0.4166666666666667,0.0,0.6666666666666666,0.3333333333333333,0.16666666666666666,0.16666666666666666,0.6666666666666666,-0.8
follow_up_study,participant-244,loan_analogy,all,12,9,0.3333333333333333,0.6666666666666666,0.3333333333333333,0.5833333333333334,0.4444444444444444,0.6666666666666666,0.0,0.3333333333333333,0.5714285714285714
follow_up_study,participant-245,loan_analogy,all,12,6,0.4166666666666667,0.5833333333333334,0.16666666666666669,0.8333333333333334,0.6666666666666666,0.5,0.16666666666666666,0.3333333333333333,-0.4
follow_up_study,participant-246,loan_analogy,all,12,6,0.5833333333333334,0.6666666666666666,0.08333333333333326,0.5833333333333334,0.16666666666666666,0.5,0.0,0.5,0.25
follow_up_study,participant-247,loan_analogy,all,12,3,0.6666666666666666,0.6666666666666666,0.0,0.75,0.0,0.3333333333333333,0.0,0.6666666666666666,0.0
follow_up_study,participant-248,loan_analogy,all,12,7,0.3333333333333333,0.3333333333333333,0.0,0.4166666666666667,0.0,0.14285714285714285,0.0,0.8571428571428571,0.0
follow_up_study,participant-25,loan_analogy,all,12,5,0.3333333333333333,0.4166666666666667,0.08333333333333337,0.6666666666666666,0.2,0.2,0.0,0.8,
follow_up_study,participant-26,loan_analogy,all,12,10,0.4166666666666667,0.5,0.08333333333333331,0.75,0.7,0.4,0.3,0.3,-0.4285714285714286
follow_up_study,participant-27,loan_analogy,all,12,4,0.4166666666666667,0.5,0.08333333333333331,0.75,0.25,0.25,0.0,0.75,
follow_up_study,participant-28,loan_analogy,all,12,7,0.3333333333333333,0.4166666666666667,0.08333333333333337,0.5,0.14285714285714285,0.2857142857142857,0.0,0.7142857142857143,0.16666666666666666
follow_up_study,participant-29,loan_analogy,all,12,7,0.3333333333333333,0.5,0.16666666666666669,0.5833333333333334,0.2857142857142857,0.42857142857142855,0.0,0.5714285714285714,0.3333333333333333
follow_up_study,participant-3,loan_analogy,all,12,4,0.4166666666666667,0.6666666666666666,0.24999999999999994,0.9166666666666666,1.0,1.0,0.0,0.0,
follow_up_study,participant-30,loan_analogy,all,12,4,0.5833333333333334,0.5833333333333334,0.0,0.6666666666666666,0.0,0.25,0.0,0.75,0.0
follow_up_study,participant-31,loan_analogy,all,12,5,0.3333333333333333,0.4166666666666667,0.08333333333333337,0.6666666666666666,0.2,0.2,0.0,0.8,
follow_up_study,participant-32,loan_analogy,all,12,8,0.25,0.3333333333333333,0.08333333333333331,0.4166666666666667,0.125,0.25,0.0,0.75,0.14285714285714285
follow_up_study,participant-33,loan_analogy,all,12,6,0.4166666666666667,0.6666666666666666,0.24999999999999994,0.75,0.5,0.6666666666666666,0.0,0.3333333333333333,0.6
follow_up_study,participant-34,loan_analogy,all,12,4,0.4166666666666667,0.5833333333333334,0.16666666666666669,0.8333333333333334,0.75,0.75,0.0,0.25,
follow_up_study,participant-35,loan_analogy,all,12,5,0.5,0.6666666666666666,0.16666666666666663,0.75,0.4,0.6,0.0,0.4,0.5
follow_up_study,participant-36,loan_analogy,all,12,6,0.4166666666666667,0.4166666666666667,0.0,0.5,0.0,0.16666666666666666,0.0,0.8333333333333334,0.0
follow_up_study,participant-37,loan_analogy,all,12,9,0.3333333333333333,0.4166666666666667,0.08333333333333337,0.3333333333333333,0.1111111111111111,0.3333333333333333,0.0,0.6666666666666666,0.14285714285714285
follow_up_study,participant-38,loan_analogy,all,12,5,0.3333333333333333,0.5,0.16666666666666669,0.75,0.4,0.4,0.0,0.6,
follow_up_study,participant-39,loan_analogy,all,12,7,0.16666666666666666,0.5,0.33333333333333337,0.75,0.5714285714285714,0.5714285714285714,0.0,0.42857142857142855,
follow_up_study,participant-4,loan_analogy,all,12,6,0.4166666666666667,0.5833333333333334,0.16666666666666669,0.6666666666666666,0.3333333333333333,0.5,0.0,0.5,0.4
follow_up_study,participant-40,loan_analogy,all,12,8,0.4166666666666667,0.75,0.3333333333333333,1.0,1.0,0.75,0.25,0.0,0.0
follow_up_study,participant-41,loan_analogy,all,12,8,0.4166666666666667,0.5833333333333334,0.16666666666666669,0.6666666666666666,0.625,0.625,0.125,0.25,0.16666666666666663
follow_up_study,participant-42,loan_analogy,all,12,4,0.4166666666666667,0.4166666666666667,0.0,0.6666666666666666,0.0,0.0,0.0,1.0,
follow_up_study,participant-43,loan_analogy,all,12,4,0.5833333333333334,0.6666666666666666,0.08333333333333326,0.75,0.25,0.5,0.0,0.5,0.3333333333333333
follow_up_study,participant-44,loan_analogy,all,12,7,0.3333333333333333,0.5,0.16666666666666669,0.75,0.5714285714285714,0.42857142857142855,0.14285714285714285,0.42857142857142855,-0.5
follow_up_study,participant-45,loan_analogy,all,12,5,0.5,0.75,0.25,1.0,1.0,0.8,0.2,0.0,0.0
follow_up_study,participant-46,loan_analogy,all,12,9,0.3333333333333333,0.5833333333333334,0.25000000000000006,0.5,0.3333333333333333,0.5555555555555556,0.0,0.4444444444444444,0.42857142857142855
follow_up_study,participant-47,loan_analogy,all,12,7,0.3333333333333333,0.75,0.4166666666666667,1.0,1.0,0.8571428571428571,0.14285714285714285,0.0,0.0
follow_up_study,participant-48,loan_analogy,all,12,5,0.6666666666666666,0.6666666666666666,0.0,0.5833333333333334,0.0,0.4,0.0,0.6,0.0
follow_up_study,participant-49,loan_analogy,all,12,8,0.4166666666666667,0.4166666666666667,0.0,0.6666666666666666,0.5,0.25,0.25,0.5,-0.6666666666666667
follow_up_study,participant-5,loan_analogy,all,12,6,0.4166666666666667,0.5,0.08333333333333331,0.75,0.5,0.3333333333333333,0.16666666666666666,0.5,-0.6
follow_up_study,participant-50,loan_analogy,all,12,5,0.5,0.75,0.25,0.8333333333333334,0.6,0.8,0.0,0.2,0.75
follow_up_study,participant-51,loan_analogy,all,12,7,0.3333333333333333,0.5,0.16666666666666669,0.5833333333333334,0.2857142857142857,0.42857142857142855,0.0,0.5714285714285714,0.3333333333333333
follow_up_study,participant-52,loan_analogy,all,12,8,0.4166666666666667,0.3333333333333333,-0.08333333333333337,0.4166666666666667,0.125,0.125,0.125,0.75,-0.5
follow_up_study,participant-53,loan_analogy,all,12,7,0.6666666666666666,0.5833333333333334,-0.08333333333333326,0.6666666666666666,0.42857142857142855,0.2857142857142857,0.2857142857142857,0.42857142857142855,-0.41666666666666663
follow_up_study,participant-54,loan_analogy,all,12,8,0.5833333333333334,0.5,-0.08333333333333337,0.4166666666666667,0.25,0.375,0.125,0.5,-0.1333333333333333
follow_up_study,participant-55,loan_analogy,all,12,6,0.4166666666666667,0.5833333333333334,0.16666666666666669,0.8333333333333334,0.6666666666666666,0.5,0.16666666666666666,0.3333333333333333,-0.4
follow_up_study,participant-56,loan_analogy,all,12,5,0.5,0.5833333333333334,0.08333333333333337,0.6666666666666666,0.2,0.4,0.0,0.6,0.25
follow_up_study,participant-57,loan_analogy,all,12,5,0.5,0.5,0.0,0.5833333333333334,0.0,0.2,0.0,0.8,0.0
follow_up_study,participant-58,loan_analogy,all,12,4,0.5833333333333334,0.5,-0.08333333333333337,0.5833333333333334,0.0,0.25,0.0,0.75,0.0
follow_up_study,participant-59,loan_analogy,all,12,3,0.5,0.5,0.0,0.75,0.0,0.0,0.0,1.0,
follow_up_study,participant-6,loan_analogy,all,12,4,0.4166666666666667,0.5833333333333334,0.16666666666666669,0.8333333333333334,0.5,0.5,0.0,0.5,
follow_up_study,participant-60,loan_analogy,all,12,5,0.5,0.5833333333333334,0.08333333333333337,0.6666666666666666,0.2,0.4,0.0,0.6,0.25
follow_up_study,participant-61,loan_analogy,all,12,10,0.25,0.4166666666666667,0.16666666666666669,0.5,0.4,0.4,0.1,0.5,-0.125
follow_up_study,participant-62,loan_analogy,all,12,5,0.5,0.5,0.0,0.5833333333333334,0.0,0.2,0.0,0.8,0.0
follow_up_study,participant-63,loan_analogy,all,12,6,0.25,0.4166666666666667,0.16666666666666669,0.6666666666666666,0.3333333333333333,0.3333333333333333,0.0,0.6666666666666666,
follow_up_study,participant-64,loan_analogy,all,12,9,0.3333333333333333,0.4166666666666667,0.08333333333333337,0.5,0.3333333333333333,0.3333333333333333,0.1111111111111111,0.5555555555555556,-0.2142857142857143
follow_up_study,participant-65,loan_analogy,all,12,5,0.5,0.6666666666666666,0.16666666666666663,0.75,0.4,0.6,0.0,0.4,0.5
follow_up_study,participant-66,loan_analogy,all,12,7,0.3333333333333333,0.5833333333333334,0.25000000000000006,0.6666666666666666,0.42857142857142855,0.5714285714285714,0.0,0.42857142857142855,0.5
follow_up_study,participant-67,loan_analogy,all,12,5,0.5,0.5833333333333334,0.08333333333333337,0.6666666666666666,0.2,0.4,0.0,0.6,0.25
follow_up_study,participant-68,loan_analogy,all,12,6,0.4166666666666667,0.5833333333333334,0.16666666666666669,0.8333333333333334,0.6666666666666666,0.5,0.16666666666666666,0.3333333333333333,-0.4
follow_up_study,participant-69,loan_analogy,all,12,7,0.5,0.6666666666666666,0.16666666666666663,0.5833333333333334,0.2857142857142857,0.5714285714285714,0.0,0.42857142857142855,0.4
follow_up_study,participant-7,loan_analogy,all,12,5,0.3333333333333333,0.3333333333333333,0.0,0.5833333333333334,0.0,0.0,0.0,1.0,
follow_up_study,participant-70,loan_analogy,all,12,6,0.4166666666666667,0.4166666666666667,0.0,0.5,0.0,0.16666666666666666,0.0,0.8333333333333334,0.0
follow_up_study,participant-71,loan_analogy,all,12,7,0.3333333333333333,0.5833333333333334,0.25000000000000006,0.6666666666666666,0.42857142857142855,0.5714285714285714,0.0,0.42857142857142855,0.5
follow_up_study,participant-72,loan_analogy,all,12,7,0.3333333333333333,0.3333333333333333,0.0,0.4166666666666667,0.0,0.14285714285714285,0.0,0.8571428571428571,0.0
follow_up_study,participant-73,loan_analogy,all,12,7,0.6666666666666666,0.5833333333333334,-0.08333333333333326,0.6666666666666666,0.42857142857142855,0.2857142857142857,0.2857142857142857,0.42857142857142855,-0.41666666666666663
follow_up_study,participant-74,loan_analogy,all,12,5,0.6666666666666666,0.5833333333333334,-0.08333333333333326,0.8333333333333334,0.6,0.2,0.4,0.4,-0.6666666666666667
follow_up_study,participant-75,loan_analogy,all,12,6,0.5833333333333334,0.5,-0.08333333333333337,0.5833333333333334,0.16666666666666666,0.16666666666666666,0.16666666666666666,0.6666666666666666,-0.5
follow_up_study,participant-76,loan_analogy,all,12,3,0.6666666666666666,0.5833333333333334,-0.08333333333333326,0.8333333333333334,0.3333333333333333,0.0,0.3333333333333333,0.6666666666666666,-1.0
follow_up_study,participant-77,loan_analogy,all,12,7,0.16666666666666666,0.25,0.08333333333333334,0.5,0.14285714285714285,0.14285714285714285,0.0,0.8571428571428571,
follow_up_study,participant-78,loan_analogy,all,12,10,0.4166666666666667,0.75,0.3333333333333333,1.0,1.0,0.7,0.3,0.0,0.0
follow_up_study,participant-79,loan_analogy,all,12,7,0.5,0.5,0.0,0.75,0.5714285714285714,0.2857142857142857,0.2857142857142857,0.42857142857142855,-0.6
follow_up_study,participant-8,loan_analogy,all,12,7,0.5,0.75,0.25,0.6666666666666666,0.42857142857142855,0.7142857142857143,0.0,0.2857142857142857,0.6
follow_up_study,participant-80,loan_analogy,all,12,9,0.5,0.5833333333333334,0.08333333333333337,0.6666666666666666,0.5555555555555556,0.4444444444444444,0.2222222222222222,0.3333333333333333,-0.16666666666666663
follow_up_study,participant-81,loan_analogy,all,12,6,0.5833333333333334,0.5833333333333334,0.0,0.6666666666666666,0.3333333333333333,0.3333333333333333,0.16666666666666666,0.5,-0.25
follow_up_study,participant-82,loan_analogy,all,12,4,0.5833333333333334,0.5833333333333334,0.0,0.6666666666666666,0.0,0.25,0.0,0.75,0.0
follow_up_study,participant-83,loan_analogy,all,12,9,0.3333333333333333,0.6666666666666666,0.3333333333333333,0.5833333333333334,0.4444444444444444,0.6666666666666666,0.0,0.3333333333333333,0.5714285714285714
follow_up_study,participant-84,loan_analogy,all,12,8,0.5833333333333334,0.75,0.16666666666666663,0.6666666666666666,0.5,0.625,0.125,0.25,0.26666666666666666
follow_up_study,participant-85,loan_analogy,all,12,6,0.4166666666666667,0.5833333333333334,0.16666666666666669,0.6666666666666666,0.3333333333333333,0.5,0.0,0.5,0.4
follow_up_study,participant-86,loan_analogy,all,12,6,0.5833333333333334,0.6666666666666666,0.08333333333333326,0.5833333333333334,0.16666666666666666,0.5,0.0,0.5,0.25
follow_up_study,participant-87,loan_analogy,all,12,6,0.4166666666666667,0.6666666666666666,0.24999999999999994,0.5833333333333334,0.3333333333333333,0.5,0.0,0.5,0.4
follow_up_study,participant-88,loan_analogy,all,12,6,0.4166666666666667,0.3333333333333333,-0.08333333333333337,0.5833333333333334,0.16666666666666666,0.0,0.16666666666666666,0.8333333333333334,-1.0
follow_up_study,participant-89,loan_analogy,all,12,6,0.5833333333333334,0.5,-0.08333333333333337,0.5833333333333334,0.16666666666666666,0.16666666666666666,0.16666666666666666,0.6666666666666666,-0.5
follow_up_study,participant-9,loan_analogy,all,12,8,0.4166666666666667,0.6666666666666666,0.24999999999999994,0.75,0.625,0.625,0.125,0.25,0.16666666666666663
follow_up_study,participant-90,loan_analogy,all,12,6,0.4166666666666667,0.5833333333333334,0.16666666666666669,0.6666666666666666,0.3333333333333333,0.5,0.0,0.5,0.4
follow_up_study,participant-91,loan_analogy,all,12,8,0.5833333333333334,0.6666666666666666,0.08333333333333326,0.4166666666666667,0.125,0.5,0.0,0.5,0.2
follow_up_study,participant-92,loan_analogy,all,12,9,0.3333333333333333,0.6666666666666666,0.3333333333333333,0.5833333333333334,0.4444444444444444,0.6666666666666666,0.0,0.3333333333333333,0.5714285714285714
follow_up_study,participant-93,loan_analogy,all,12,5,0.3333333333333333,0.5,0.16666666666666669,0.75,0.4,0.4,0.0,0.6,
follow_up_study,participant-94,loan_analogy,all,12,7,0.3333333333333333,0.4166666666666667,0.08333333333333337,0.5,0.14285714285714285,0.2857142857142857,0.0,0.7142857142857143,0.16666666666666666
follow_up_study,participant-95,loan_analogy,all,12,6,0.25,0.75,0.5,1.0,1.0,1.0,0.0,0.0,
follow_up_study,participant-96,loan_analogy,all,12,6,0.5833333333333334,0.5,-0.08333333333333337,0.5833333333333334,0.16666666666666666,0.16666666666666666,0.16666666666666666,0.6666666666666666,-0.5
follow_up_study,participant-97,loan_analogy,all,12,8,0.4166666666666667,0.4166666666666667,0.0,0.3333333333333333,0.0,0.25,0.0,0.75,0.0
follow_up_study,participant-98,loan_analogy,all,12,6,0.4166666666666667,0.75,0.3333333333333333,0.8333333333333334,0.6666666666666666,0.8333333333333334,0.0,0.16666666666666666,0.8
follow_up_study,participant-99,loan_analogy,all,12,5,0.6666666666666666,0.5833333333333334,-0.08333333333333326,0.6666666666666666,0.2,0.2,0.2,0.6,-0.5
main_exp,participant-1,system,,10,7,0.2,0.3,0.09999999999999998,0.4,0.14285714285714285,0.2857142857142857,0.0,0.7142857142857143,0.16666666666666666
main_exp,participant-10,system,,10,2,0.7,0.7,0.0,0.8,0.0,0.5,0.0,0.5,0.0
main_exp,participant-100,accuracy,,10,5,0.6,0.8,0.20000000000000007,0.9,0.8,0.8,0.2,0.0,0.5
main_exp,participant-101,accuracy,,10,8,0.5,0.5,0.0,0.2,0.0,0.375,0.0,0.625,0.0
main_exp,participant-102,analogy,vaccine,10,5,0.4,0.4,0.0,0.5,0.0,0.2,0.0,0.8,0.0
main_exp,participant-103,accuracy,,10,6,0.5,0.7,0.19999999999999996,1.0,1.0,0.6666666666666666,0.3333333333333333,0.0,0.0
main_exp,participant-104,accuracy,,10,7,0.2,0.3,0.09999999999999998,0.4,0.14285714285714285,0.2857142857142857,0.0,0.7142857142857143,0.16666666666666666
main_exp,participant-105,analogy,weather,10,6,0.3,0.6,0.3,0.7,0.5,0.6666666666666666,0.0,0.3333333333333333,0.6
main_exp,participant-106,analogy,vaccine,10,4,0.5,0.6,0.09999999999999998,0.7,0.25,0.5,0.0,0.5,0.3333333333333333
main_exp,participant-107,analogy,weather,10,6,0.3,0.5,0.2,0.8,0.6666666666666666,0.5,0.16666666666666666,0.3333333333333333,-0.4
main_exp,participant-108,system,,10,4,0.5,0.8,0.30000000000000004,0.9,0.75,1.0,0.0,0.0,1.0
main_exp,participant-109,system,,10,5,0.4,0.5,0.09999999999999998,0.6,0.2,0.4,0.0,0.6,0.25
main_exp,participant-11,accuracy,,10,4,0.5,0.6,0.09999999999999998,0.9,0.75,0.5,0.25,0.25,-0.33333333333333337
main_exp,participant-110,system,,10,6,0.3,0.5,0.2,0.6,0.3333333333333333,0.5,0.0,0.5,0.4
main_exp,participant-111,accuracy,,10,4,0.7,0.6,-0.09999999999999998,0.7,0.25,0.25,0.25,0.5,-0.5
main_exp,participant-112,accuracy,,10,4,0.3,0.5,0.2,0.8,0.5,0.5,0.0,0.5,
main_exp,participant-113,accuracy,,10,7,0.4,0.4,0.0,0.3,0.0,0.2857142857142857,0.0,0.7142857142857143,0.0
main_exp,participant-114,analogy,weather,10,4,0.5,0.5,0.0,0.6,0.0,0.25,0.0,0.75,0.0
main_exp,participant-115,analogy,train,10,5,0.4,0.3,-0.10000000000000003,0.6,0.2,0.0,0.2,0.8,-1.0
main_exp,participant-116,analogy,vaccine,10,2,0.5,0.5,0.0,0.8,0.0,0.0,0.0,1.0,
main_exp,participant-117,accuracy,,10,6,0.5,0.7,0.19999999999999996,0.6,0.3333333333333333,0.6666666666666666,0.0,0.3333333333333333,0.5
main_exp,participant-118,analogy,weather,10,5,0.4,0.4,0.0,0.7,0.4,0.2,0.2,0.6,-0.75
main_exp,participant-119,system,,10,6,0.5,0.4,-0.09999999999999998,0.5,0.16666666666666666,0.16666666666666666,0.16666666666666666,0.6666666666666666,-0.5
main_exp,participant-12,analogy,vaccine,10,5,0.2,0.3,0.09999999999999998,0.6,0.2,0.2,0.0,0.8,
main_exp,participant-120,accuracy,,10,5,0.6,0.6,0.0,0.9,0.8,0.4,0.4,0.2,-0.33333333333333337
main_exp,participant-121,accuracy,,10,6,0.3,0.6,0.3,0.7,0.5,0.6666666666666666,0.0,0.3333333333333333,0.6
main_exp,participant-122,accuracy,,10,4,0.7,0.6,-0.09999999999999998,0.7,0.25,0.25,0.25,0.5,-0.5
main_exp,participant-123,accuracy,,10,5,0.6,0.7,0.09999999999999998,0.6,0.2,0.6,0.0,0.4,0.3333333333333333
main_exp,participant-124,system,,10,3,0.6,0.6,0.0,0.9,0.6666666666666666,0.3333333333333333,0.3333333333333333,0.3333333333333333,-0.5
main_exp,participant-125,system,,10,2,0.5,0.5,0.0,0.8,0.0,0.0,0.0,1.0,
main_exp,participant-126,accuracy,,10,5,0.6,0.4,-0.19999999999999996,0.7,0.4,0.0,0.4,0.6,-1.0
main_exp,participant-127,system,,10,6,0.3,0.5,0.2,0.8,0.6666666666666666,0.5,0.16666666666666666,0.3333333333333333,-0.4
main_exp,participant-128,analogy,train,10,3,0.4,0.5,0.09999999999999998,0.8,0.3333333333333333,0.3333333333333333,0.0,0.6666666666666666,
main_exp,participant-129,analogy,train,10,7,0.6,0.5,-0.09999999999999998,0.8,0.7142857142857143,0.2857142857142857,0.42857142857142855,0.2857142857142857,-0.5
main_exp,participant-13,accuracy,,10,3,0.6,0.7,0.09999999999999998,1.0,1.0,0.6666666666666666,0.3333333333333333,0.0,0.0
main_exp,participant-130,analogy,weather,10,7,0.4,0.5,0.09999999999999998,0.6,0.42857142857142855,0.42857142857142855,0.14285714285714285,0.42857142857142855,-0.09999999999999998
main_exp,participant-131,accuracy,,10,5,0.6,0.6,0.0,0.7,0.4,0.4,0.2,0.4,-0.16666666666666669
main_exp,participant-132,accuracy,,10,6,0.3,0.7,0.39999999999999997,1.0,1.0,0.8333333333333334,0.16666666666666666,0.0,0.0
main_exp,participant-133,system,,10,6,0.3,0.3,0.0,0.6,0.3333333333333333,0.16666666666666666,0.16666666666666666,0.6666666666666666,-0.8
main_exp,participant-134,system,,10,3,0.4,0.6,0.19999999999999996,0.9,0.6666666666666666,0.6666666666666666,0.0,0.3333333333333333,
main_exp,participant-135,analogy,train,10,6,0.3,0.3,0.0,0.6,0.3333333333333333,0.16666666666666666,0.16666666666666666,0.6666666666666666,-0.8
main_exp,participant-136,accuracy,,10,6,0.7,0.6,-0.09999999999999998,0.7,0.5,0.3333333333333333,0.3333333333333333,0.3333333333333333,-0.3333333333333333
main_exp,participant-137,accuracy,,10,5,0.4,0.6,0.19999999999999996,0.9,0.8,0.6,0.2,0.2,-0.25
main_exp,participant-138,analogy,vaccine,10,4,0.3,0.6,0.3,0.9,0.75,0.75,0.0,0.25,
main_exp,participant-139,accuracy,,10,7,0.2,0.4,0.2,0.7,0.5714285714285714,0.42857142857142855,0.14285714285714285,0.42857142857142855,-0.5
main_exp,participant-14,analogy,weather,10,5,0.4,0.5,0.09999999999999998,0.6,0.2,0.4,0.0,0.6,0.25
main_exp,participant-140,system,,10,6,0.5,0.4,-0.09999999999999998,0.7,0.5,0.16666666666666666,0.3333333333333333,0.5,-0.75
main_exp,participant-141,system,,10,5,0.6,0.5,-0.09999999999999998,0.8,0.6,0.2,0.4,0.4,-0.6666666666666667
main_exp,participant-142,accuracy,,10,4,0.5,0.6,0.09999999999999998,0.9,0.75,0.5,0.25,0.25,-0.33333333333333337
main_exp,participant-143,analogy,train,10,3,0.4,0.4,0.0,0.7,0.0,0.0,0.0,1.0,
main_exp,participant-144,analogy,weather,10,7,0.2,0.3,0.09999999999999998,0.4,0.14285714285714285,0.2857142857142857,0.0,0.7142857142857143,0.16666666666666666
main_exp,participant-145,system,,10,7,0.6,0.5,-0.09999999999999998,0.6,0.42857142857142855,0.2857142857142857,0.2857142857142857,0.42857142857142855,-0.41666666666666663
main_exp,participant-146,accuracy,,10,4,0.5,0.8,0.30000000000000004,0.9,0.75,1.0,0.0,0.0,1.0
main_exp,participant-147,analogy,train,10,5,0.4,0.3,-0.10000000000000003,0.6,0.2,0.0,0.2,0.8,-1.0
main_exp,participant-148,accuracy,,10,6,0.5,0.5,0.0,0.4,0.0,0.3333333333333333,0.0,0.6666666666666666,0.0
main_exp,participant-149,system,,10,3,0.6,0.6,0.0,0.7,0.0,0.3333333333333333,0.0,0.6666666666666666,0.0
main_exp,participant-15,system,,10,6,0.3,0.4,0.10000000000000003,0.7,0.5,0.3333333333333333,0.16666666666666666,0.5,-0.6
main_exp,participant-150,analogy,vaccine,10,7,0.6,0.5,-0.09999999999999998,0.6,0.42857142857142855,0.2857142857142857,0.2857142857142857,0.42857142857142855,-0.41666666666666663
main_exp,participant-151,accuracy,,10,7,0.4,0.9,0.5,0.8,0.7142857142857143,1.0,0.0,0.0,1.0
main_exp,participant-152,accuracy,,10,5,0.4,0.3,-0.10000000000000003,0.6,0.2,0.0,0.2,0.8,-1.0
main_exp,participant-153,analogy,vaccine,10,6,0.5,0.6,0.09999999999999998,0.7,0.5,0.5,0.16666666666666666,0.3333333333333333,0.0
main_exp,participant-154,accuracy,,10,5,0.6,0.6,0.0,0.7,0.4,0.4,0.2,0.4,-0.16666666666666669
main_exp,participant-155,system,,10,7,0.4,0.6,0.19999999999999996,0.5,0.2857142857142857,0.5714285714285714,0.0,0.42857142857142855,0.4
main_exp,participant-156,accuracy,,10,6,0.5,0.5,0.0,0.4,0.0,0.3333333333333333,0.0,0.6666666666666666,0.0
main_exp,participant-157,accuracy,,10,4,0.5,0.4,-0.09999999999999998,0.7,0.25,0.0,0.25,0.75,-1.0
main_exp,participant-158,accuracy,,10,6,0.3,0.6,0.3,0.7,0.5,0.6666666666666666,0.0,0.3333333333333333,0.6
main_exp,participant-159,analogy,vaccine,10,6,0.1,0.2,0.1,0.5,0.16666666666666666,0.16666666666666666,0.0,0.8333333333333334,
main_exp,participant-16,system,,10,3,0.6,0.5,-0.09999999999999998,0.8,0.3333333333333333,0.0,0.3333333333333333,0.6666666666666666,-1.0
main_exp,participant-160,analogy,train,10,5,0.2,0.5,0.3,0.8,0.6,0.6,0.0,0.4,
main_exp,participant-161,accuracy,,10,7,0.4,0.4,0.0,0.5,0.2857142857142857,0.2857142857142857,0.14285714285714285,0.5714285714285714,-0.3
main_exp,participant-162,analogy,weather,10,7,0.4,0.4,0.0,0.5,0.2857142857142857,0.2857142857142857,0.14285714285714285,0.5714285714285714,-0.3
main_exp,participant-163,system,,10,3,0.4,0.4,0.0,0.7,0.0,0.0,0.0,1.0,
main_exp,participant-164,system,,10,4,0.5,0.6,0.09999999999999998,0.7,0.25,0.5,0.0,0.5,0.3333333333333333
main_exp,participant-165,analogy,vaccine,10,2,0.5,0.5,0.0,0.8,0.0,0.0,0.0,1.0,
main_exp,participant-166,analogy,vaccine,10,8,0.1,0.1,0.0,0.4,0.25,0.125,0.125,0.75,-0.8571428571428572
main_exp,participant-167,accuracy,,10,8,0.3,0.3,0.0,0.6,0.5,0.25,0.25,0.5,-0.6666666666666667
main_exp,participant-168,accuracy,,10,8,0.3,0.3,0.0,0.6,0.5,0.25,0.25,0.5,-0.6666666666666667
main_exp,participant-169,accuracy,,10,5,0.4,0.7,0.29999999999999993,0.8,0.6,0.8,0.0,0.2,0.75
main_exp,participant-17,analogy,train,10,8,0.3,0.5,0.2,0.4,0.25,0.5,0.0,0.5,0.3333333333333333
main_exp,participant-170,accuracy,,10,2,0.7,0.7,0.0,0.8,0.0,0.5,0.0,0.5,0.0
main_exp,participant-171,accuracy,,10,6,0.5,0.5,0.0,0.8,0.6666666666666666,0.3333333333333333,0.3333333333333333,0.3333333333333333,-0.5
main_exp,participant-172,system,,10,6,0.5,0.7,0.19999999999999996,1.0,1.0,0.6666666666666666,0.3333333333333333,0.0,0.0
main_exp,participant-173,accuracy,,10,6,0.5,0.6,0.09999999999999998,0.7,0.5,0.5,0.16666666666666666,0.3333333333333333,0.0
main_exp,participant-174,accuracy,,10,2,0.5,0.7,0.19999999999999996,1.0,1.0,1.0,0.0,0.0,
main_exp,participant-175,accuracy,,10,6,0.3,0.6,0.3,0.5,0.3333333333333333,0.5,0.0,0.5,0.4
main_exp,participant-176,analogy,vaccine,10,5,0.4,0.5,0.09999999999999998,0.8,0.6,0.4,0.2,0.4,-0.5
main_exp,participant-177,accuracy,,10,5,0.4,0.6,0.19999999999999996,0.7,0.4,0.6,0.0,0.4,0.5
main_exp,participant-178,accuracy,,10,5,0.4,0.4,0.0,0.5,0.0,0.2,0.0,0.8,0.0
main_exp,participant-179,system,,10,7,0.2,0.7,0.49999999999999994,0.8,0.7142857142857143,0.8571428571428571,0.0,0.14285714285714285,0.8333333333333334
main_exp,participant-18,analogy,vaccine,10,7,0.2,0.6,0.39999999999999997,0.7,0.5714285714285714,0.7142857142857143,0.0,0.2857142857142857,0.6666666666666666
main_exp,participant-180,system,,10,4,0.5,0.5,0.0,0.6,0.0,0.25,0.0,0.75,0.0
main_exp,participant-181,analogy,train,10,4,0.5,0.5,0.0,0.6,0.0,0.25,0.0,0.75,0.0
main_exp,participant-182,system,,10,5,0.6,0.5,-0.09999999999999998,0.8,0.6,0.2,0.4,0.4,-0.6666666666666667
main_exp,participant-183,accuracy,,10,6,0.3,0.5,0.2,0.6,0.3333333333333333,0.5,0.0,0.5,0.4
main_exp,participant-184,accuracy,,10,7,0.4,0.7,0.29999999999999993,0.8,0.7142857142857143,0.7142857142857143,0.14285714285714285,0.14285714285714285,0.30000000000000004
main_exp,participant-185,accuracy,,10,7,0.4,0.3,-0.10000000000000003,0.4,0.14285714285714285,0.14285714285714285,0.14285714285714285,0.7142857142857143,-0.5
main_exp,participant-186,analogy,weather,10,5,0.4,0.7,0.29999999999999993,1.0,1.0,0.8,0.2,0.0,0.0
main_exp,participant-187,accuracy,,10,5,0.4,0.6,0.19999999999999996,0.7,0.4,0.6,0.0,0.4,0.5
main_exp,participant-188,system,,10,5,0.4,0.6,0.19999999999999996,0.9,0.8,0.6,0.2,0.2,-0.25
main_exp,participant-189,system,,10,6,0.1,0.3,0.19999999999999998,0.6,0.3333333333333333,0.3333333333333333,0.0,0.6666666666666666,
main_exp,participant-19,system,,10,6,0.5,0.5,0.0,0.6,0.3333333333333333,0.3333333333333333,0.16666666666666666,0.5,-0.25
main_exp,participant-190,analogy,weather,10,3,0.4,0.6,0.19999999999999996,0.9,0.6666666666666666,0.6666666666666666,0.0,0.3333333333333333,
main_exp,participant-191,analogy,train,10,7,0.4,0.6,0.19999999999999996,0.5,0.7142857142857143,0.7142857142857143,0.14285714285714285,0.14285714285714285,0.30000000000000004
main_exp,participant-192,system,,10,6,0.7,0.8,0.10000000000000009,0.5,0.16666666666666666,0.6666666666666666,0.0,0.3333333333333333,0.3333333333333333
main_exp,participant-193,analogy,weather,10,5,0.4,0.4,0.0,0.5,0.0,0.2,0.0,0.8,0.0
main_exp,participant-194,system,,10,4,0.5,0.5,0.0,0.8,0.5,0.25,0.25,0.5,-0.6666666666666667
main_exp,participant-195,analogy,weather,10,5,0.4,0.5,0.09999999999999998,0.8,0.6,0.4,0.2,0.4,-0.5
main_exp,participant-196,accuracy,,10,6,0.5,0.6,0.09999999999999998,0.9,0.8333333333333334,0.5,0.3333333333333333,0.16666666666666666,-0.25
main_exp,participant-197,analogy,weather,10,5,0.4,0.5,0.09999999999999998,0.6,0.2,0.4,0.0,0.6,0.25
main_exp,participant-198,accuracy,,10,5,0.4,0.7,0.29999999999999993,0.8,0.6,0.8,0.0,0.2,0.75
main_exp,participant-199,analogy,train,10,4,0.5,0.3,-0.2,0.6,0.25,0.0,0.25,0.75,-1.0
main_exp,participant-2,analogy,train,10,4,0.5,0.5,0.0,0.8,0.5,0.25,0.25,0.5,-0.6666666666666667
main_exp,participant-20,accuracy,,10,5,0.8,0.6,-0.20000000000000007,0.7,0.4,0.2,0.4,0.4,-0.6666666666666666
main_exp,participant-200,system,,10,5,0.2,0.4,0.2,0.7,0.4,0.4,0.0,0.6,
main_exp,participant-201,accuracy,,10,7,0.4,0.6,0.19999999999999996,0.5,0.2857142857142857,0.5714285714285714,0.0,0.42857142857142855,0.4
main_exp,participant-202,accuracy,,10,4,0.5,0.7,0.19999999999999996,1.0,1.0,0.75,0.25,0.0,0.0
main_exp,participant-203,system,,10,5,0.4,0.5,0.09999999999999998,0.8,0.8,0.6,0.2,0.2,-0.25
main_exp,participant-204,accuracy,,10,5,0.4,0.6,0.19999999999999996,0.9,0.8,0.6,0.2,0.2,-0.25
main_exp,participant-205,accuracy,,10,8,0.3,0.4,0.10000000000000003,0.5,0.375,0.375,0.125,0.5,-0.16666666666666669
main_exp,participant-206,analogy,vaccine,10,6,0.3,0.6,0.3,0.7,0.5,0.6666666666666666,0.0,0.3333333333333333,0.6
main_exp,participant-207,analogy,train,10,4,0.5,0.6,0.09999999999999998,0.9,0.75,0.5,0.25,0.25,-0.33333333333333337
main_exp,participant-208,system,,10,6,0.3,0.6,0.3,0.9,0.8333333333333334,0.6666666666666666,0.16666666666666666,0.16666666666666666,-0.19999999999999996
main_exp,participant-209,accuracy,,10,5,0.4,0.5,0.09999999999999998,0.6,0.2,0.4,0.0,0.6,0.25
main_exp,participant-21,analogy,weather,10,6,0.7,0.5,-0.19999999999999996,0.8,0.6666666666666666,0.16666666666666666,0.5,0.3333333333333333,-0.6666666666666667
main_exp,participant-210,accuracy,,10,4,0.5,0.5,0.0,0.6,0.0,0.25,0.0,0.75,0.0
main_exp,participant-211,system,,10,6,0.5,0.8,0.30000000000000004,0.7,0.6666666666666666,1.0,0.0,0.0,1.0
main_exp,participant-212,analogy,weather,10,5,0.4,0.4,0.0,0.5,0.0,0.2,0.0,0.8,0.0
main_exp,participant-213,accuracy,,10,7,0.4,0.5,0.09999999999999998,0.6,0.42857142857142855,0.42857142857142855,0.14285714285714285,0.42857142857142855,-0.09999999999999998
main_exp,participant-214,analogy,vaccine,10,6,0.1,0.4,0.30000000000000004,0.7,0.5,0.5,0.0,0.5,
main_exp,participant-215,accuracy,,10,5,0.6,0.6,0.0,0.7,0.4,0.4,0.2,0.4,-0.16666666666666669
main_exp,participant-216,analogy,train,10,6,0.5,0.5,0.0,0.8,0.6666666666666666,0.3333333333333333,0.3333333333333333,0.3333333333333333,-0.5
main_exp,participant-217,system,,10,6,0.1,0.4,0.30000000000000004,0.7,0.5,0.5,0.0,0.5,
main_exp,participant-218,system,,10,5,0.4,0.8,0.4,0.9,0.8,1.0,0.0,0.0,1.0
main_exp,participant-219,analogy,weather,10,6,0.7,0.6,-0.09999999999999998,0.5,0.16666666666666666,0.3333333333333333,0.16666666666666666,0.5,-0.3333333333333333
main_exp,participant-22,system,,10,6,0.5,0.5,0.0,0.4,0.16666666666666666,0.5,0.0,0.5,0.25
main_exp,participant-220,system,,10,5,0.6,0.6,0.0,0.7,0.4,0.4,0.2,0.4,-0.16666666666666669
main_exp,participant-221,accuracy,,10,3,0.4,0.7,0.29999999999999993,1.0,1.0,1.0,0.0,0.0,
main_exp,participant-222,accuracy,,10,3,0.6,0.6,0.0,0.7,0.0,0.3333333333333333,0.0,0.6666666666666666,0.0
main_exp,participant-223,analogy,vaccine,10,5,0.2,0.3,0.09999999999999998,0.6,0.2,0.2,0.0,0.8,
main_exp,participant-224,system,,10,5,0.4,0.7,0.29999999999999993,1.0,1.0,0.8,0.2,0.0,0.0
main_exp,participant-225,accuracy,,10,7,0.4,0.5,0.09999999999999998,0.4,0.14285714285714285,0.42857142857142855,0.0,0.5714285714285714,0.2
main_exp,participant-226,accuracy,,10,4,0.3,0.3,0.0,0.6,0.0,0.0,0.0,1.0,
main_exp,participant-227,analogy,vaccine,10,5,0.4,0.7,0.29999999999999993,1.0,1.0,0.8,0.2,0.0,0.0
main_exp,participant-228,accuracy,,10,7,0.6,0.7,0.09999999999999998,0.8,0.7142857142857143,0.5714285714285714,0.2857142857142857,0.14285714285714285,0.08333333333333337
main_exp,participant-229,accuracy,,10,6,0.1,0.2,0.1,0.5,0.16666666666666666,0.16666666666666666,0.0,0.8333333333333334,
main_exp,participant-23,accuracy,,10,4,0.7,0.7,0.0,0.6,0.0,0.5,0.0,0.5,0.0
main_exp,participant-230,analogy,weather,10,6,0.7,0.6,-0.09999999999999998,0.5,0.16666666666666666,0.3333333333333333,0.16666666666666666,0.5,-0.3333333333333333
main_exp,participant-231,accuracy,,10,5,0.4,0.5,0.09999999999999998,0.6,0.2,0.4,0.0,0.6,0.25
main_exp,participant-232,system,,10,3,0.6,0.7,0.09999999999999998,1.0,1.0,0.6666666666666666,0.3333333333333333,0.0,0.0
main_exp,participant-233,system,,10,4,0.3,0.5,0.2,0.8,0.5,0.5,0.0,0.5,
main_exp,participant-234,system,,10,5,0.4,0.4,0.0,0.5,0.0,0.2,0.0,0.8,0.0
main_exp,participant-235,analogy,weather,10,7,0.6,0.5,-0.09999999999999998,0.6,0.42857142857142855,0.2857142857142857,0.2857142857142857,0.42857142857142855,-0.41666666666666663
main_exp,participant-236,system,,10,7,0.4,0.6,0.19999999999999996,0.7,0.5714285714285714,0.5714285714285714,0.14285714285714285,0.2857142857142857,0.09999999999999998
main_exp,participant-237,accuracy,,10,4,0.3,0.4,0.10000000000000003,0.7,0.25,0.25,0.0,0.75,
main_exp,participant-238,analogy,weather,10,6,0.3,0.3,0.0,0.6,0.3333333333333333,0.16666666666666666,0.16666666666666666,0.6666666666666666,-0.8
main_exp,participant-239,analogy,train,10,3,0.6,0.6,0.0,0.9,0.6666666666666666,0.3333333333333333,0.3333333333333333,0.3333333333333333,-0.5
main_exp,participant-24,system,,10,5,0.6,0.5,-0.09999999999999998,0.6,0.2,0.2,0.2,0.6,-0.5
main_exp,participant-240,analogy,weather,10,6,0.5,0.6,0.09999999999999998,0.9,0.8333333333333334,0.5,0.3333333333333333,0.16666666666666666,-0.25
main_exp,participant-241,system,,10,3,0.4,0.2,-0.2,0.5,0.0,0.0,0.0,1.0,
main_exp,participant-242,analogy,train,10,6,0.5,0.6,0.09999999999999998,0.9,0.8333333333333334,0.5,0.3333333333333333,0.16666666666666666,-0.25
main_exp,participant-243,system,,10,3,0.6,0.7,0.09999999999999998,1.0,1.0,0.6666666666666666,0.3333333333333333,0.0,0.0
main_exp,participant-244,analogy,train,10,5,0.6,0.7,0.09999999999999998,0.8,0.6,0.6,0.2,0.2,0.16666666666666663
main_exp,participant-245,analogy,vaccine,10,7,0.2,0.4,0.2,0.7,0.5714285714285714,0.42857142857142855,0.14285714285714285,0.42857142857142855,-0.5
main_exp,participant-246,analogy,vaccine,10,6,0.7,0.7,0.0,0.6,0.3333333333333333,0.5,0.16666666666666666,0.3333333333333333,0.0
main_exp,participant-247,system,,10,6,0.5,0.4,-0.09999999999999998,0.5,0.16666666666666666,0.16666666666666666,0.16666666666666666,0.6666666666666666,-0.5
main_exp,participant-248,analogy,vaccine,10,3,0.4,0.6,0.19999999999999996,0.9,0.6666666666666666,0.6666666666666666,0.0,0.3333333333333333,
main_exp,participant-249,analogy,weather,10,7,0.4,0.5,0.09999999999999998,0.6,0.42857142857142855,0.42857142857142855,0.14285714285714285,0.42857142857142855,-0.09999999999999998
main_exp,participant-25,accuracy,,10,7,0.2,0.4,0.2,0.5,0.2857142857142857,0.42857142857142855,0.0,0.5714285714285714,0.3333333333333333
main_exp,participant-250,system,,10,4,0.3,0.3,0.0,0.6,0.0,0.0,0.0,1.0,
main_exp,participant-251,analogy,vaccine,10,6,0.5,0.5,0.0,0.4,0.0,0.3333333333333333,0.0,0.6666666666666666,0.0
main_exp,participant-252,analogy,vaccine,10,6,0.3,0.3,0.0,0.4,0.0,0.16666666666666666,0.0,0.8333333333333334,0.0
main_exp,participant-253,system,,10,5,0.4,0.4,0.0,0.5,0.0,0.2,0.0,0.8,0.0
main_exp,participant-254,system,,10,2,0.5,0.5,0.0,0.8,0.0,0.0,0.0,1.0,
main_exp,participant-255,analogy,weather,10,6,0.3,0.3,0.0,0.6,0.3333333333333333,0.16666666666666666,0.16666666666666666,0.6666666666666666,-0.8
main_exp,participant-256,system,,10,3,0.6,0.6,0.0,0.7,0.0,0.3333333333333333,0.0,0.6666666666666666,0.0
main_exp,participant-257,analogy,vaccine,10,6,0.1,0.3,0.19999999999999998,0.6,0.3333333333333333,0.3333333333333333,0.0,0.6666666666666666,
main_exp,participant-258,analogy,weather,10,5,0.6,0.7,0.09999999999999998,0.8,0.6,0.6,0.2,0.2,0.16666666666666663
main_exp,participant-259,system,,10,2,0.5,0.7,0.19999999999999996,1.0,1.0,1.0,0.0,0.0,
main_exp,participant-26,system,,10,5,0.4,0.4,0.0,0.5,0.0,0.2,0.0,0.8,0.0
main_exp,participant-260,analogy,train,10,4,0.3,0.5,0.2,0.8,0.5,0.5,0.0,0.5,
main_exp,participant-261,system,,10,9,0.4,0.5,0.09999999999999998,0.4,0.3333333333333333,0.4444444444444444,0.1111111111111111,0.4444444444444444,0.0
main_exp,participant-262,system,,10,8,0.3,0.4,0.10000000000000003,0.5,0.375,0.375,0.125,0.5,-0.16666666666666669
main_exp,participant-263,system,,10,5,0.4,0.6,0.19999999999999996,0.9,0.8,0.6,0.2,0.2,-0.25
main_exp,participant-264,analogy,train,10,3,0.6,0.7,0.09999999999999998,0.6,0.3333333333333333,0.6666666666666666,0.0,0.3333333333333333,0.5
main_exp,participant-265,analogy,train,10,7,0.2,0.7,0.49999999999999994,0.8,0.7142857142857143,0.8571428571428571,0.0,0.14285714285714285,0.8333333333333334
main_exp,participant-266,system,,10,8,0.3,0.5,0.2,0.6,0.5,0.5,0.125,0.375,0.0
main_exp,participant-267,system,,10,4,0.7,0.7,0.0,0.6,0.0,0.5,0.0,0.5,0.0
main_exp,participant-268,analogy,vaccine,10,3,0.6,0.7,0.09999999999999998,1.0,1.0,0.6666666666666666,0.3333333333333333,0.0,0.0
main_exp,participant-269,analogy,vaccine,10,4,0.5,0.6,0.09999999999999998,0.7,0.25,0.5,0.0,0.5,0.3333333333333333
main_exp,participant-27,system,,10,6,0.5,0.9,0.4,0.8,0.6666666666666666,1.0,0.0,0.0,1.0
main_exp,participant-270,analogy,vaccine,10,3,0.4,0.6,0.19999999999999996,0.9,0.6666666666666666,0.6666666666666666,0.0,0.3333333333333333,
main_exp,participant-271,system,,10,1,0.6,0.6,0.0,0.9,0.0,0.0,0.0,1.0,
main_exp,participant-272,analogy,train,10,6,0.3,0.3,0.0,0.6,0.3333333333333333,0.16666666666666666,0.16666666666666666,0.6666666666666666,-0.8
main_exp,participant-273,analogy,train,10,5,0.4,0.4,0.0,0.5,0.0,0.2,0.0,0.8,0.0
main_exp,participant-274,analogy,train,10,4,0.3,0.6,0.3,0.9,0.75,0.75,0.0,0.25,
main_exp,participant-275,analogy,train,10,2,0.5,0.5,0.0,0.8,0.0,0.0,0.0,1.0,
main_exp,participant-276,analogy,train,10,7,0.4,0.4,0.0,0.5,0.2857142857142857,0.2857142857142857,0.14285714285714285,0.5714285714285714,-0.3
main_exp,participant-277,analogy,train,10,5,0.4,0.7,0.29999999999999993,1.0,1.0,0.8,0.2,0.0,0.0
main_exp,participant-278,analogy,train,10,4,0.5,0.5,0.0,0.8,0.5,0.25,0.25,0.5,-0.6666666666666667
main_exp,participant-279,analogy,train,10,7,0.4,0.6,0.19999999999999996,0.9,0.8571428571428571,0.5714285714285714,0.2857142857142857,0.14285714285714285,-0.19999999999999996
main_exp,participant-28,system,,10,4,0.5,0.6,0.09999999999999998,0.7,0.25,0.5,0.0,0.5,0.3333333333333333
main_exp,participant-280,analogy,train,10,8,0.1,0.3,0.19999999999999998,0.4,0.25,0.375,0.0,0.625,0.2857142857142857
main_exp,participant-281,analogy,train,10,6,0.3,0.2,-0.09999999999999998,0.5,0.16666666666666666,0.0,0.16666666666666666,0.8333333333333334,-1.0
main_exp,participant-29,accuracy,,10,5,0.4,0.4,0.0,0.5,0.0,0.2,0.0,0.8,0.0
main_exp,participant-3,analogy,train,10,6,0.3,0.4,0.10000000000000003,0.7,0.5,0.3333333333333333,0.16666666666666666,0.5,-0.6
main_exp,participant-30,analogy,vaccine,10,6,0.5,0.5,0.0,0.8,0.6666666666666666,0.3333333333333333,0.3333333333333333,0.3333333333333333,-0.5
main_exp,participant-31,accuracy,,10,6,0.5,0.6,0.09999999999999998,0.9,0.8333333333333334,0.5,0.3333333333333333,0.16666666666666666,-0.25
main_exp,participant-32,system,,10,8,0.3,0.2,-0.09999999999999998,0.5,0.375,0.125,0.25,0.625,-0.8333333333333334
main_exp,participant-33,accuracy,,10,7,0.4,0.7,0.29999999999999993,0.8,0.7142857142857143,0.7142857142857143,0.14285714285714285,0.14285714285714285,0.30000000000000004
main_exp,participant-34,analogy,weather,10,6,0.3,0.6,0.3,0.9,0.8333333333333334,0.6666666666666666,0.16666666666666666,0.16666666666666666,-0.19999999999999996
main_exp,participant-35,system,,10,3,0.6,0.6,0.0,0.7,0.0,0.3333333333333333,0.0,0.6666666666666666,0.0
main_exp,participant-36,accuracy,,10,3,0.4,0.5,0.09999999999999998,0.8,0.3333333333333333,0.3333333333333333,0.0,0.6666666666666666,
main_exp,participant-37,analogy,weather,10,6,0.5,0.7,0.19999999999999996,0.8,0.6666666666666666,0.6666666666666666,0.16666666666666666,0.16666666666666666,0.25
main_exp,participant-38,system,,10,5,0.4,0.5,0.09999999999999998,0.6,0.2,0.4,0.0,0.6,0.25
main_exp,participant-39,analogy,vaccine,10,8,0.3,0.4,0.10000000000000003,0.3,0.125,0.375,0.0,0.625,0.16666666666666666
main_exp,participant-4,accuracy,,10,5,0.8,0.7,-0.10000000000000009,1.0,1.0,0.4,0.6,0.0,0.0
main_exp,participant-40,analogy,vaccine,10,6,0.3,0.3,0.0,0.4,0.0,0.16666666666666666,0.0,0.8333333333333334,0.0
main_exp,participant-41,analogy,weather,10,6,0.5,0.5,0.0,0.4,0.0,0.3333333333333333,0.0,0.6666666666666666,0.0
main_exp,participant-42,accuracy,,10,6,0.5,0.6,0.09999999999999998,0.7,0.5,0.5,0.16666666666666666,0.3333333333333333,0.0
main_exp,participant-43,analogy,train,10,6,0.3,0.3,0.0,0.4,0.0,0.16666666666666666,0.0,0.8333333333333334,0.0
main_exp,participant-44,system,,10,5,0.2,0.6,0.39999999999999997,0.9,0.8,0.8,0.0,0.2,
main_exp,participant-45,system,,10,5,0.4,0.3,-0.10000000000000003,0.6,0.2,0.0,0.2,0.8,-1.0
main_exp,participant-46,analogy,weather,10,2,0.5,0.6,0.09999999999999998,0.9,0.5,0.5,0.0,0.5,
main_exp,participant-47,system,,10,5,0.4,0.6,0.19999999999999996,0.9,0.8,0.6,0.2,0.2,-0.25
main_exp,participant-48,system,,10,3,0.6,0.5,-0.09999999999999998,0.8,0.3333333333333333,0.0,0.3333333333333333,0.6666666666666666,-1.0
main_exp,participant-49,analogy,weather,10,4,0.5,0.5,0.0,0.8,0.5,0.25,0.25,0.5,-0.6666666666666667
main_exp,participant-5,analogy,vaccine,10,5,0.2,0.2,0.0,0.5,0.0,0.0,0.0,1.0,
main_exp,participant-50,accuracy,,10,7,0.4,0.5,0.09999999999999998,0.6,0.42857142857142855,0.42857142857142855,0.14285714285714285,0.42857142857142855,-0.09999999999999998
main_exp,participant-51,accuracy,,10,6,0.5,0.8,0.30000000000000004,0.7,0.5,0.8333333333333334,0.0,0.16666666666666666,0.75
main_exp,participant-52,analogy,train,10,7,0.2,0.5,0.3,0.6,0.42857142857142855,0.5714285714285714,0.0,0.42857142857142855,0.5
main_exp,participant-53,system,,10,6,0.3,0.4,0.10000000000000003,0.7,0.5,0.3333333333333333,0.16666666666666666,0.5,-0.6
main_exp,participant-54,system,,10,4,0.3,0.4,0.10000000000000003,0.7,0.25,0.25,0.0,0.75,
main_exp,participant-55,analogy,train,10,6,0.3,0.4,0.10000000000000003,0.5,0.16666666666666666,0.3333333333333333,0.0,0.6666666666666666,0.2
main_exp,participant-56,system,,10,6,0.3,0.4,0.10000000000000003,0.5,0.16666666666666666,0.3333333333333333,0.0,0.6666666666666666,0.2
main_exp,participant-57,system,,10,5,0.4,0.7,0.29999999999999993,0.8,0.6,0.8,0.0,0.2,0.75
main_exp,participant-58,accuracy,,10,8,0.5,0.4,-0.09999999999999998,0.5,0.375,0.25,0.25,0.5,-0.4666666666666666
main_exp,participant-59,analogy,vaccine,10,4,0.3,0.3,0.0,0.6,0.0,0.0,0.0,1.0,
main_exp,participant-6,system,,10,4,0.5,0.5,0.0,0.8,0.5,0.25,0.25,0.5,-0.6666666666666667
main_exp,participant-60,system,,10,5,0.4,0.7,0.29999999999999993,1.0,1.0,0.8,0.2,0.0,0.0
main_exp,participant-61,system,,10,7,0.4,0.5,0.09999999999999998,0.8,0.7142857142857143,0.42857142857142855,0.2857142857142857,0.2857142857142857,-0.4
main_exp,participant-62,system,,10,4,0.5,0.7,0.19999999999999996,1.0,1.0,0.75,0.25,0.0,0.0
main_exp,participant-63,accuracy,,10,2,0.5,0.6,0.09999999999999998,0.9,0.5,0.5,0.0,0.5,
main_exp,participant-64,system,,10,4,0.5,0.5,0.0,0.6,0.0,0.25,0.0,0.75,0.0
main_exp,participant-65,system,,10,8,0.3,0.7,0.39999999999999997,1.0,1.0,0.75,0.25,0.0,0.0
main_exp,participant-66,system,,10,4,0.7,0.7,0.0,1.0,1.0,0.5,0.5,0.0,0.0
main_exp,participant-67,analogy,vaccine,10,8,0.3,0.6,0.3,0.7,0.625,0.625,0.125,0.25,0.16666666666666663
main_exp,participant-68,system,,10,7,0.6,0.6,0.0,0.3,0.0,0.42857142857142855,0.0,0.5714285714285714,0.0
main_exp,participant-69,analogy,vaccine,10,6,0.1,0.3,0.19999999999999998,0.6,0.3333333333333333,0.3333333333333333,0.0,0.6666666666666666,
main_exp,participant-7,system,,10,6,0.3,0.3,0.0,0.4,0.0,0.16666666666666666,0.0,0.8333333333333334,0.0
main_exp,participant-70,system,,10,6,0.5,0.6,0.09999999999999998,0.7,0.5,0.5,0.16666666666666666,0.3333333333333333,0.0
main_exp,participant-71,accuracy,,10,5,0.4,0.6,0.19999999999999996,0.9,0.8,0.6,0.2,0.2,-0.25
main_exp,participant-72,analogy,weather,10,7,0.6,0.7,0.09999999999999998,0.4,0.14285714285714285,0.5714285714285714,0.0,0.42857142857142855,0.25
main_exp,participant-73,accuracy,,10,5,0.6,0.7,0.09999999999999998,1.0,1.0,0.6,0.4,0.0,0.0
main_exp,participant-74,system,,10,4,0.5,0.4,-0.09999999999999998,0.7,0.25,0.0,0.25,0.75,-1.0
main_exp,participant-75,accuracy,,10,4,0.3,0.5,0.2,0.8,0.5,0.5,0.0,0.5,
main_exp,participant-76,analogy,weather,10,4,0.5,0.4,-0.09999999999999998,0.7,0.25,0.0,0.25,0.75,-1.0
main_exp,participant-77,accuracy,,10,5,0.2,0.4,0.2,0.7,0.4,0.4,0.0,0.6,
main_exp,participant-78,analogy,train,10,4,0.3,0.4,0.10000000000000003,0.7,0.25,0.25,0.0,0.75,
main_exp,participant-79,accuracy,,10,6,0.5,0.4,-0.09999999999999998,0.5,0.16666666666666666,0.16666666666666666,0.16666666666666666,0.6666666666666666,-0.5
main_exp,participant-8,analogy,weather,10,4,0.3,0.4,0.10000000000000003,0.7,0.25,0.25,0.0,0.75,
main_exp,participant-80,analogy,train,10,5,0.4,0.4,0.0,0.7,0.4,0.2,0.2,0.6,-0.75
main_exp,participant-81,analogy,vaccine,10,8,0.3,0.3,0.0,0.4,0.25,0.25,0.125,0.625,-0.33333333333333337
main_exp,participant-82,accuracy,,10,3,0.4,0.5,0.09999999999999998,0.8,0.3333333333333333,0.3333333333333333,0.0,0.6666666666666666,
main_exp,participant-83,system,,10,7,0.4,0.6,0.19999999999999996,0.5,0.2857142857142857,0.5714285714285714,0.0,0.42857142857142855,0.4
main_exp,participant-84,system,,10,5,0.4,0.4,0.0,0.5,0.0,0.2,0.0,0.8,0.0
main_exp,participant-85,system,,10,4,0.5,0.6,0.09999999999999998,0.9,0.75,0.5,0.25,0.25,-0.33333333333333337
main_exp,participant-86,accuracy,,10,4,0.3,0.6,0.3,0.9,0.75,0.75,0.0,0.25,
main_exp,participant-87,accuracy,,10,4,0.3,0.6,0.3,0.9,0.75,0.75,0.0,0.25,
main_exp,participant-88,analogy,vaccine,10,5,0.4,0.6,0.19999999999999996,0.7,0.6,0.4,0.2,0.4,-0.5
main_exp,participant-89,accuracy,,10,5,0.2,0.5,0.3,0.8,0.6,0.6,0.0,0.4,
main_exp,participant-9,accuracy,,10,6,0.7,0.6,-0.09999999999999998,0.5,0.16666666666666666,0.3333333333333333,0.16666666666666666,0.5,-0.3333333333333333
main_exp,participant-90,accuracy,,10,4,0.5,0.6,0.09999999999999998,0.7,0.25,0.5,0.0,0.5,0.3333333333333333
main_exp,participant-91,accuracy,,10,4,0.3,0.4,0.10000000000000003,0.7,0.25,0.25,0.0,0.75,
main_exp,participant-92,system,,10,4,0.7,0.8,0.10000000000000009,0.7,0.25,0.75,0.0,0.25,0.5
main_exp,participant-93,accuracy,,10,4,0.5,0.7,0.19999999999999996,0.8,0.5,0.75,0.0,0.25,0.6666666666666666
main_exp,participant-94,accuracy,,10,6,0.5,0.6,0.09999999999999998,0.5,0.16666666666666666,0.5,0.0,0.5,0.25
main_exp,participant-95,analogy,vaccine,10,5,0.6,0.8,0.20000000000000007,0.7,0.4,0.8,0.0,0.2,0.6666666666666666
main_exp,participant-96,accuracy,,10,8,0.3,0.5,0.2,0.6,0.5,0.5,0.125,0.375,0.0
main_exp,participant-97,accuracy,,10,6,0.1,0.2,0.1,0.5,0.16666666666666666,0.16666666666666666,0.0,0.8333333333333334,
main_exp,participant-98,system,,10,5,0.4,0.5,0.09999999999999998,0.8,0.6,0.4,0.2,0.4,-0.5
main_exp,participant-99,accuracy,,10,3,0.4,0.5,0.09999999999999998,0.8,0.3333333333333333,0.3333333333333333,0.0,0.6666666666666666,
